-- phpMyAdmin SQL Dump
-- version 5.2.1
-- https://www.phpmyadmin.net/
--
-- Host: 127.0.0.1
-- Generation Time: Nov 20, 2023 at 05:43 AM
-- Server version: 10.4.28-MariaDB
-- PHP Version: 8.2.4

SET SQL_MODE = "NO_AUTO_VALUE_ON_ZERO";
START TRANSACTION;
SET time_zone = "+00:00";


/*!40101 SET @OLD_CHARACTER_SET_CLIENT=@@CHARACTER_SET_CLIENT */;
/*!40101 SET @OLD_CHARACTER_SET_RESULTS=@@CHARACTER_SET_RESULTS */;
/*!40101 SET @OLD_COLLATION_CONNECTION=@@COLLATION_CONNECTION */;
/*!40101 SET NAMES utf8mb4 */;

--
-- Database: `capstone`
--

-- --------------------------------------------------------

--
-- Table structure for table `activity_log`
--

CREATE TABLE `activity_log` (
  `activity_log_id` int(11) NOT NULL,
  `username` varchar(100) NOT NULL,
  `date` varchar(100) NOT NULL,
  `action` varchar(100) NOT NULL
) ENGINE=InnoDB DEFAULT CHARSET=latin1 COLLATE=latin1_swedish_ci;

--
-- Dumping data for table `activity_log`
--

INSERT INTO `activity_log` (`activity_log_id`, `username`, `date`, `action`) VALUES
(1, 'jkev', '2013-11-18 15:25:33', 'Add Subject RIZAL'),
(2, 'jkev', '2013-11-18 15:27:08', 'Edit Subject RIZAL'),
(3, '', '2013-11-18 15:30:46', 'Edit Subject IS 221'),
(4, '', '2013-11-18 15:31:12', 'Edit Subject IS 222'),
(5, '', '2013-11-18 15:31:24', 'Edit Subject IS 223'),
(6, '', '2013-11-18 15:31:34', 'Edit Subject IS 224'),
(7, '', '2013-11-18 15:31:54', 'Edit Subject IS 227'),
(8, '', '2013-11-18 15:32:37', 'Add Subject IS 411B'),
(9, '', '2013-11-18 15:34:54', 'Edit User jkev'),
(10, 'jkev', '2014-01-17 13:26:18', 'Add User admin'),
(11, 'admin', '2020-12-21 08:37:51', 'Add Subject 1234'),
(12, 'admin', '2023-11-16 20:39:42', 'Add School Year 2023'),
(13, 'admin', '2023-11-16 21:13:29', 'Add School Year 2023'),
(14, 'admin', '2023-11-16 21:13:40', 'Edit User '),
(15, 'admin', '2023-11-16 21:16:49', 'Edit Shool Year '),
(16, 'admin', '2023-11-17 19:23:12', 'Add Subject Capstone 001');

-- --------------------------------------------------------

--
-- Table structure for table `answer`
--

CREATE TABLE `answer` (
  `answer_id` int(11) NOT NULL,
  `quiz_question_id` int(11) NOT NULL,
  `answer_text` varchar(100) NOT NULL,
  `choices` varchar(3) NOT NULL
) ENGINE=InnoDB DEFAULT CHARSET=latin1 COLLATE=latin1_swedish_ci;

--
-- Dumping data for table `answer`
--

INSERT INTO `answer` (`answer_id`, `quiz_question_id`, `answer_text`, `choices`) VALUES
(81, 32, 'john', 'A'),
(82, 32, 'smith', 'B'),
(83, 32, 'kevin', 'C'),
(84, 32, 'lorayna', 'D'),
(85, 34, 'Peso', 'A'),
(86, 34, 'PHP Hypertext', 'B'),
(87, 34, 'PHP Hypertext Preprosesor', 'C'),
(88, 34, 'Philippines', 'D'),
(89, 36, 'Right', 'A'),
(90, 36, 'Wrong', 'B'),
(91, 36, 'Wrong', 'C'),
(92, 36, 'Wrong', 'D');

-- --------------------------------------------------------

--
-- Table structure for table `assignment`
--

CREATE TABLE `assignment` (
  `assignment_id` int(11) NOT NULL,
  `floc` varchar(300) NOT NULL,
  `fdatein` varchar(100) NOT NULL,
  `fdesc` varchar(100) NOT NULL,
  `teacher_id` int(11) NOT NULL,
  `class_id` int(11) NOT NULL,
  `fname` varchar(100) NOT NULL
) ENGINE=InnoDB DEFAULT CHARSET=latin1 COLLATE=latin1_swedish_ci;

--
-- Dumping data for table `assignment`
--

INSERT INTO `assignment` (`assignment_id`, `floc`, `fdatein`, `fdesc`, `teacher_id`, `class_id`, `fname`) VALUES
(2, 'uploads/6843_File_Doc3.docx', '2013-10-11 01:24:32', 'fasfasf', 13, 36, 'Assignment number 1'),
(3, 'uploads/3617_File_login.mdb', '2013-10-28 19:35:28', 'q', 9, 80, 'q'),
(4, 'admin/uploads/7146_File_normalization.ppt', '2013-10-30 18:48:15', 'fsaf', 9, 95, 'fsaf'),
(5, 'admin/uploads/7784_File_ABSTRACT.docx', '2013-10-30 18:48:33', 'fsaf', 9, 95, 'dsaf'),
(6, 'admin/uploads/4536_File_ABSTRACT.docx', '2013-10-30 18:53:32', 'file', 9, 95, 'abstract'),
(10, 'admin/uploads/2209_File_598378_543547629007198_436971088_n.jpg', '2013-11-01 13:13:18', 'fsafasf', 9, 95, 'Assignment#2'),
(11, 'admin/uploads/1511_File_bootstrap.css', '2013-11-01 13:18:25', 'sdsa', 9, 95, 'css'),
(12, 'admin/uploads/4309_File_new  2.txt', '2013-11-17 23:21:46', 'test', 12, 145, 'test'),
(13, 'admin/uploads/5901_File_IS 112-Personal Productivity Using IS.doc', '2013-11-18 16:59:35', 'q', 12, 145, 'q'),
(15, 'admin/uploads/7077_File_win_boot_screen_16_9_by_medi_dadu-d4s7dc1.gif', '2013-11-25 10:38:45', 'afs', 18, 159, 'dasf'),
(16, 'admin/uploads/8470_File_win_boot_screen_16_9_by_medi_dadu-d4s7dc1.gif', '2013-11-25 10:39:19', 'test', 18, 160, 'assign1'),
(17, 'admin/uploads/2840_File_IMG_0698.jpg', '2013-11-25 15:53:20', 'q', 12, 161, 'q'),
(19, '', '2013-12-07 20:11:39', 'kevin test', 12, 162, ''),
(20, '', '2013-12-07 20:26:43', 'dasddsd', 12, 145, ''),
(21, '', '2013-12-07 20:26:43', 'dasddsd', 12, 162, ''),
(22, '', '2013-12-07 20:27:18', 'dasffsafsaf', 12, 162, ''),
(23, '', '2013-12-07 20:33:11', 'test', 12, 162, ''),
(24, 'admin/uploads/7053_File_win_boot_screen_16_9_by_medi_dadu-d4s7dc1.gif', '2013-12-07 20:39:05', 'kevin', 12, 0, 'kevin'),
(25, 'admin/uploads/2417_File_win_boot_screen_16_9_by_medi_dadu-d4s7dc1.gif', '2013-12-07 20:41:10', 'kevin', 12, 0, 'kevin'),
(26, 'admin/uploads/8095_File_win_boot_screen_16_9_by_medi_dadu-d4s7dc1.gif', '2013-12-07 20:43:25', 'kevin', 12, 0, 'kevin'),
(27, 'admin/uploads/4089_File_win_boot_screen_16_9_by_medi_dadu-d4s7dc1.gif', '2013-12-07 20:47:48', 'fasfafaf', 12, 0, 'fasf'),
(28, 'admin/uploads/2948_File_win_boot_screen_16_9_by_medi_dadu-d4s7dc1.gif', '2013-12-07 20:48:59', 'dasdasd', 12, 0, 'dasd'),
(29, 'admin/uploads/5971_File_win_boot_screen_16_9_by_medi_dadu-d4s7dc1.gif', '2013-12-07 20:50:47', 'dasdasd', 12, 0, 'dsad'),
(30, 'admin/uploads/6926_File_Resume.docx', '2014-02-13 11:27:59', 'q', 12, 167, 'q'),
(31, 'admin/uploads/8289_File_sample.pdf', '2020-12-21 09:56:48', 'asdasd', 9, 186, 'asdasd');

-- --------------------------------------------------------

--
-- Table structure for table `class`
--

CREATE TABLE `class` (
  `class_id` int(11) NOT NULL,
  `class_name` varchar(100) NOT NULL
) ENGINE=InnoDB DEFAULT CHARSET=latin1 COLLATE=latin1_swedish_ci;

--
-- Dumping data for table `class`
--

INSERT INTO `class` (`class_id`, `class_name`) VALUES
(25, 'BSIT IV-2'),
(26, 'BSIT IV-1'),
(27, 'BSIT IV-3');

-- --------------------------------------------------------

--
-- Table structure for table `class_quiz`
--

CREATE TABLE `class_quiz` (
  `class_quiz_id` int(11) NOT NULL,
  `teacher_class_id` int(11) NOT NULL,
  `quiz_time` int(11) NOT NULL,
  `quiz_id` int(11) NOT NULL
) ENGINE=InnoDB DEFAULT CHARSET=latin1 COLLATE=latin1_swedish_ci;

--
-- Dumping data for table `class_quiz`
--

INSERT INTO `class_quiz` (`class_quiz_id`, `teacher_class_id`, `quiz_time`, `quiz_id`) VALUES
(13, 167, 3600, 3),
(14, 167, 3600, 3),
(15, 167, 1800, 3),
(16, 185, 900, 0),
(17, 186, 1800, 6),
(18, 187, 1800, 7);

-- --------------------------------------------------------

--
-- Table structure for table `class_subject_overview`
--

CREATE TABLE `class_subject_overview` (
  `class_subject_overview_id` int(11) NOT NULL,
  `teacher_class_id` int(11) NOT NULL,
  `content` varchar(10000) NOT NULL
) ENGINE=InnoDB DEFAULT CHARSET=latin1 COLLATE=latin1_swedish_ci;

--
-- Dumping data for table `class_subject_overview`
--

INSERT INTO `class_subject_overview` (`class_subject_overview_id`, `teacher_class_id`, `content`) VALUES
(1, 167, '<p>Chapter&nbsp; 1</p>\r\n\r\n<p>Cha</p>\r\n');

-- --------------------------------------------------------

--
-- Table structure for table `content`
--

CREATE TABLE `content` (
  `content_id` int(11) NOT NULL,
  `title` varchar(100) NOT NULL,
  `content` mediumtext NOT NULL
) ENGINE=InnoDB DEFAULT CHARSET=latin1 COLLATE=latin1_swedish_ci;

--
-- Dumping data for table `content`
--

INSERT INTO `content` (`content_id`, `title`, `content`) VALUES
(1, 'Mission', '<pre>\r\n<span style=\"font-size:16px\"><strong>Mission</strong></span></pre>\r\n\r\n<p style=\"text-align:left\"><span style=\"font-family:arial,helvetica,sans-serif; font-size:medium\"><span style=\"font-size:large\">&nbsp; &nbsp; &nbsp; &nbsp; &nbsp; &nbsp; &nbsp;</span></span>&nbsp; &nbsp;<span style=\"font-size:18px\"> &nbsp; &nbsp; &nbsp; &nbsp; &nbsp; &nbsp; &nbsp; &nbsp; A leading institution in higher and continuing education commited to engage in quality instruction, development-oriented research sustinable lucrative economic enterprise, and responsive extension and training services through relevant academic programs to empower a human resource that responds effectively to challenges in life and acts as catalyst in the holistoic development of a humane society.&nbsp;</span></p>\r\n\r\n<p style=\"text-align:left\">&nbsp;</p>\r\n'),
(2, 'Vision', '<pre>\r\n<span style=\"font-size:large\"><strong>Vision</strong></span></pre>\r\n\r\n<p>&nbsp;&nbsp;&nbsp;&nbsp;&nbsp;&nbsp;&nbsp;&nbsp;&nbsp;&nbsp;&nbsp;&nbsp;&nbsp;<span style=\"font-size:large\">&nbsp;To empower learners through accessible and innovative education, breaking barriers to knowledge and fostering a community of lifelong learners.</span></p>\r\n'),
(4, 'Footer', '<p style=\"text-align:center\">ALS Learning Managenment System</p>\r\n\r\n<p style=\"text-align:center\">All Rights Reserved &reg;2023</p>\r\n'),
(5, 'Upcoming Events', '<pre>\r\nUP COMING EVENTS</pre>\r\n\r\n<p><strong>&gt;</strong> EXAM</p>\r\n\r\n<p><strong>&gt;</strong> INTERCAMPUS MEET</p>\r\n\r\n<p><strong>&gt;</strong> DEFENSE</p>\r\n\r\n<p><strong>&gt;</strong> ENROLLMENT</p>\r\n\r\n<p>&nbsp;</p>\r\n'),
(6, 'Title', '<p><span style=\"font-family:trebuchet ms,geneva\">CHMSC Online Learning Management System</span></p>\r\n'),
(7, 'News', '<pre>\r\n<span style=\"font-size:medium\"><em><strong>Recent News\r\n</strong></em></span></pre>\r\n\r\n<h2><span style=\"font-size:small\">Extension and Community Services</span></h2>\r\n\r\n<p style=\"text-align:justify\">This technology package was promoted by the College of Industrial Technology Unit is an index to offer Practical Skills and Livelihood Training Program particularly to the Ina ngTahanan of Tayabas, Barangay Zone 15, Talisay City, Negros Occidental</p>\r\n\r\n<p style=\"text-align:justify\">The respondent of this technology package were mostly &ldquo;ina&rdquo; or mothers in PurokTayabas. There were twenty mothers who responded to the call of training and enhancing their sewing skills. The beginners projects include an apron, elastics waist skirts, pillow-cover and t-shirt style top. Short sleeve blouses with buttonholes or contoured seaming are also some of the many projects introduced to the mothers. Based on the interview conducted after the culmination activity, the projects done contributed as a means of earning to the respondents.</p>\r\n\r\n<p style=\"text-align:justify\">&nbsp; &nbsp; &nbsp; &nbsp; &nbsp; In support to the thrust of the government to improve the health status of neighboring barangays, the Faculty and Staff of CHMSC ECS Fortune Towne, Bacolod City, launched its Medical Mission in Patag, Silay City. It was conducted last March 2010, to address the health needs of the people. A medical consultation is given to the residents of SitioPatag to attend to their health related problems that may need medical treatment. Medical tablets for headache, flu, fever, antibiotics and others were availed by the residents.</p>\r\n\r\n<p style=\"text-align:justify\">&nbsp;</p>\r\n\r\n<p style=\"text-align:justify\">&nbsp;The BAYAN-ANIHAN is a Food Production Program with a battle cry of &ldquo;GOODBYE GUTOM&rdquo;, advocating its legacy &ldquo;Food on the Table for every Filipino Family&rdquo; through backyard gardening. NGO&rsquo;s, governmental organizations, private and public sectors, business sectors are the cooperating agencies that support and facilitate this project and Carlos Hilado Memorial State College (CHMSC) is one of the identified partner school. Being a member institution in advocating its thrust, the school through its Extension and Community Services had conducted capability training workshop along this program identifying two deputy coordinators and trainers last November 26,27 and 28, 2009, with the end in view of implementing the project all throughout the neighboring towns, provinces and regions to help address poverty in the country. Program beneficiaries were the selected families of GawadKalinga (GK) in Hope Village, Brgy. Cabatangan, Talisay City, with 120 families beneficiaries; GK FIAT Village in Silay City with 30 beneficiaries; Bonbon Dream Village brgy. E. Lopez, Silay City with 60 beneficiaries; and respectively Had. Teresita and Had. Carmen in Talisay City, Negros Occidental both with 60 member beneficiaries. This program was introduced to 30 household members with the end in view of alleviating the quality standards of their living.</p>\r\n\r\n<p style=\"text-align:justify\">&nbsp;</p>\r\n\r\n<p style=\"text-align:justify\">The extension &amp; Community Services of the College conducted a series of consultations and meetings with the different local government units to assess technology needs to determines potential products to be developed considering the abundance of raw materials in their respective areas and their product marketability. The project was released in November 2009 in six cities in the province of Negros Occidental, namely San Carlos, Sagay, Silay, Bago, Himamaylan and Sipalay and the Municipality of E. B Magalona</p>\r\n\r\n<p style=\"text-align:justify\">&nbsp; &nbsp; &nbsp; &nbsp; &nbsp; The City of San Carlos focused on peanut and fish processing. Sagay and bago focused on meat processing, while Silay City on fish processing. The City of Himamaylan is on sardines, and in Sipalay focused on fish processing specially on their famous BARONGAY product. The municipality of E.B Magalona focused on bangus deboning.</p>\r\n\r\n<p style=\"text-align:justify\">&nbsp;</p>\r\n\r\n<p style=\"text-align:justify\">&nbsp; &nbsp; &nbsp; &nbsp; &nbsp; The food technology instructors are tasked to provide the needed skills along with the TLDC Livelihood project that each City is embarking on while the local government units provide the training venue for the project and the training equipment and machine were provided by the Department of Science and Technology.</p>\r\n\r\n<p style=\"text-align:justify\">&nbsp;</p>\r\n'),
(8, 'Announcements', '<pre>\r\n<span style=\"font-size:medium\"><em><strong>Announcements</strong></em></span></pre>\r\n\r\n<p>Examination Period: October 9-11, 2013</p>\r\n\r\n<p>Semestrial Break: October 12- November 3, 2013</p>\r\n\r\n<p>FASKFJASKFAFASFMFAS</p>\r\n\r\n<p>GASGA</p>\r\n');

-- --------------------------------------------------------

--
-- Table structure for table `department`
--

CREATE TABLE `department` (
  `department_id` int(11) NOT NULL,
  `department_name` varchar(100) NOT NULL,
  `dean` varchar(100) NOT NULL
) ENGINE=InnoDB DEFAULT CHARSET=latin1 COLLATE=latin1_swedish_ci;

--
-- Dumping data for table `department`
--

INSERT INTO `department` (`department_id`, `department_name`, `dean`) VALUES
(12, 'CCS', 'Hershey Alburo');

-- --------------------------------------------------------

--
-- Table structure for table `event`
--

CREATE TABLE `event` (
  `event_id` int(11) NOT NULL,
  `event_title` varchar(100) NOT NULL,
  `teacher_class_id` int(11) NOT NULL,
  `date_start` varchar(100) NOT NULL,
  `date_end` varchar(100) NOT NULL
) ENGINE=InnoDB DEFAULT CHARSET=latin1 COLLATE=latin1_swedish_ci;

--
-- Dumping data for table `event`
--

INSERT INTO `event` (`event_id`, `event_title`, `teacher_class_id`, `date_start`, `date_end`) VALUES
(15, 'Long Test', 113, '12/05/2013', '12/06/2013'),
(17, 'sdasf', 147, '11/16/2013', '11/16/2013'),
(18, 'Sample', 186, '12/22/2020', '12/24/2020'),
(19, 'Entrams', 0, '11/21/2023', '11/23/2023');

-- --------------------------------------------------------

--
-- Table structure for table `files`
--

CREATE TABLE `files` (
  `file_id` int(11) NOT NULL,
  `floc` varchar(500) NOT NULL,
  `fdatein` varchar(200) NOT NULL,
  `fdesc` varchar(100) NOT NULL,
  `teacher_id` int(11) NOT NULL,
  `class_id` int(11) NOT NULL,
  `fname` varchar(100) NOT NULL,
  `uploaded_by` varchar(100) NOT NULL
) ENGINE=MyISAM DEFAULT CHARSET=latin1 COLLATE=latin1_swedish_ci;

--
-- Dumping data for table `files`
--

INSERT INTO `files` (`file_id`, `floc`, `fdatein`, `fdesc`, `teacher_id`, `class_id`, `fname`, `uploaded_by`) VALUES
(142, 'admin/uploads/6000_File_NanoTechnology.pptx', '2023-11-20 12:21:41', 'none', 9, 187, 'Module 1', 'R-jhelTandugon'),
(141, 'admin/uploads/9782_File_sample.pdf', '2020-12-21 09:40:28', 'adasd', 9, 186, '234234', 'JomarPabuaya');

-- --------------------------------------------------------

--
-- Table structure for table `message`
--

CREATE TABLE `message` (
  `message_id` int(11) NOT NULL,
  `reciever_id` int(11) NOT NULL,
  `content` varchar(200) NOT NULL,
  `date_sended` varchar(100) NOT NULL,
  `sender_id` int(11) NOT NULL,
  `reciever_name` varchar(50) NOT NULL,
  `sender_name` varchar(200) NOT NULL,
  `message_status` varchar(100) NOT NULL
) ENGINE=InnoDB DEFAULT CHARSET=latin1 COLLATE=latin1_swedish_ci;

--
-- Dumping data for table `message`
--

INSERT INTO `message` (`message_id`, `reciever_id`, `content`, `date_sended`, `sender_id`, `reciever_name`, `sender_name`, `message_status`) VALUES
(2, 11, 'fasf', '2013-11-13 13:15:47', 42, 'Aladin Cabrera', 'john kevin lorayna', ''),
(4, 71, 'bcjhbcjksdbckldj', '2013-11-25 15:59:13', 71, 'Noli Mendoza', 'Noli Mendoza', 'read'),
(17, 12, 'tst', '2013-12-01 23:38:40', 93, 'Ruby Mae  Morante', 'John Kevin  Lorayna', ''),
(19, 12, 'fasfaf', '2013-12-01 23:56:17', 93, 'Ruby Mae  Morante', 'John Kevin  Lorayna', ''),
(27, 93, 'fa', '2013-12-02 00:01:54', 12, 'John Kevin  Lorayna', 'Ruby Mae  Morante', ''),
(28, 136, 'Submit your classcard', '2014-02-13 13:35:21', 12, 'Jorgielyn Serfino', 'Ruby Mae  Morante', ''),
(29, 18, 'Test message', '2020-12-21 08:51:10', 9, 'Allan Dela Torre', 'Jomar Pabuaya', ''),
(30, 9, 'Hi sir gwaps', '2023-11-20 12:39:58', 76, 'R-jhel Tandugon', 'Dana Alyka Alde', '');

-- --------------------------------------------------------

--
-- Table structure for table `message_sent`
--

CREATE TABLE `message_sent` (
  `message_sent_id` int(11) NOT NULL,
  `reciever_id` int(11) NOT NULL,
  `content` varchar(200) NOT NULL,
  `date_sended` varchar(100) NOT NULL,
  `sender_id` int(11) NOT NULL,
  `reciever_name` varchar(100) NOT NULL,
  `sender_name` varchar(100) NOT NULL
) ENGINE=InnoDB DEFAULT CHARSET=latin1 COLLATE=latin1_swedish_ci;

--
-- Dumping data for table `message_sent`
--

INSERT INTO `message_sent` (`message_sent_id`, `reciever_id`, `content`, `date_sended`, `sender_id`, `reciever_name`, `sender_name`) VALUES
(1, 42, 'sad', '2013-11-12 22:50:05', 42, 'john kevin lorayna', 'john kevin lorayna'),
(2, 11, 'fasf', '2013-11-13 13:15:47', 42, 'Aladin Cabrera', 'john kevin lorayna'),
(3, 12, 'bjhkcbkjsdnckldvls', '2013-11-25 15:58:55', 71, 'Ruby Mae  Morante', 'Noli Mendoza'),
(4, 71, 'bcjhbcjksdbckldj', '2013-11-25 15:59:13', 71, 'Noli Mendoza', 'Noli Mendoza'),
(5, 12, 'test', '2013-11-30 20:54:05', 93, 'Ruby Mae  Morante', 'John Kevin  Lorayna'),
(11, 12, 'tst', '2013-12-01 23:38:40', 93, 'Ruby Mae  Morante', 'John Kevin  Lorayna'),
(12, 12, 'fasfasf', '2013-12-01 23:49:13', 93, 'Ruby Mae  Morante', 'John Kevin  Lorayna'),
(13, 136, 'Submit your classcard', '2014-02-13 13:35:21', 12, 'Jorgielyn Serfino', 'Ruby Mae  Morante'),
(14, 18, 'Test message', '2020-12-21 08:51:10', 9, 'Allan Dela Torre', 'Jomar Pabuaya'),
(15, 9, 'Hi sir gwaps', '2023-11-20 12:39:58', 76, 'R-jhel Tandugon', 'Dana Alyka Alde');

-- --------------------------------------------------------

--
-- Table structure for table `notification`
--

CREATE TABLE `notification` (
  `notification_id` int(11) NOT NULL,
  `teacher_class_id` int(11) NOT NULL,
  `notification` varchar(100) NOT NULL,
  `date_of_notification` varchar(50) NOT NULL,
  `link` varchar(100) NOT NULL
) ENGINE=InnoDB DEFAULT CHARSET=latin1 COLLATE=latin1_swedish_ci;

--
-- Dumping data for table `notification`
--

INSERT INTO `notification` (`notification_id`, `teacher_class_id`, `notification`, `date_of_notification`, `link`) VALUES
(2, 0, 'Add Downloadable Materials file name <b>sss</b>', '2014-01-17 14:35:32', 'downloadable_student.php'),
(3, 167, 'Add Annoucements', '2014-01-17 14:36:32', 'announcements_student.php'),
(4, 0, 'Add Downloadable Materials file name <b>test</b>', '2014-02-13 11:10:56', 'downloadable_student.php'),
(5, 167, 'Add Assignment file name <b>q</b>', '2014-02-13 11:27:59', 'assignment_student.php'),
(6, 0, 'Add Downloadable Materials file name <b>chapter 1</b>', '2014-02-13 12:35:42', 'downloadable_student.php'),
(7, 0, 'Add Downloadable Materials file name <b>q</b>', '2014-02-13 12:53:09', 'downloadable_student.php'),
(8, 0, 'Add Downloadable Materials file name <b>kevi</b>', '2014-02-13 13:31:18', 'downloadable_student.php'),
(9, 185, 'Add Practice Quiz file', '2014-02-13 13:33:27', 'student_quiz_list.php'),
(10, 167, 'Add Annoucements', '2014-02-13 13:45:59', 'announcements_student.php'),
(11, 0, 'Add Downloadable Materials file name <b>q</b>', '2014-02-21 16:43:38', 'downloadable_student.php'),
(12, 0, 'Add Downloadable Materials file name <b>q</b>', '2014-02-21 16:46:18', 'downloadable_student.php'),
(13, 0, 'Add Downloadable Materials file name <b>q</b>', '2014-02-21 16:46:49', 'downloadable_student.php'),
(14, 0, 'Add Downloadable Materials file name <b>q</b>', '2014-02-21 16:52:30', 'downloadable_student.php'),
(15, 186, 'Add Downloadable Materials file name <b>Sample</b>', '2020-12-21 09:24:50', 'downloadable_student.php'),
(16, 0, 'Add Downloadable Materials file name <b>123</b>', '2020-12-21 09:31:40', 'downloadable_student.php'),
(17, 0, 'Add Downloadable Materials file name <b>234234</b>', '2020-12-21 09:36:27', 'downloadable_student.php'),
(18, 0, 'Add Downloadable Materials file name <b>234234</b>', '2020-12-21 09:38:22', 'downloadable_student.php'),
(19, 186, 'Add Downloadable Materials file name <b>234234</b>', '2020-12-21 09:39:32', 'downloadable_student.php'),
(20, 186, 'Add Downloadable Materials file name <b>234234</b>', '2020-12-21 09:40:28', 'downloadable_student.php'),
(21, 186, 'Add Assignment file name <b>asdasd</b>', '2020-12-21 09:56:48', 'assignment_student.php'),
(22, 186, 'Add Annoucements', '2020-12-21 09:59:00', 'announcements_student.php'),
(23, 186, 'Add Practice Quiz file', '2020-12-21 10:10:11', 'student_quiz_list.php'),
(24, 187, 'Add Practice Quiz file', '2023-11-17 21:05:39', 'student_quiz_list.php'),
(25, 187, 'Add Downloadable Materials file name <b>Module 1</b>', '2023-11-20 12:21:41', 'downloadable_student.php');

-- --------------------------------------------------------

--
-- Table structure for table `notification_read`
--

CREATE TABLE `notification_read` (
  `notification_read_id` int(11) NOT NULL,
  `student_id` int(11) NOT NULL,
  `student_read` varchar(50) NOT NULL,
  `notification_id` int(11) NOT NULL
) ENGINE=InnoDB DEFAULT CHARSET=latin1 COLLATE=latin1_swedish_ci;

--
-- Dumping data for table `notification_read`
--

INSERT INTO `notification_read` (`notification_read_id`, `student_id`, `student_read`, `notification_id`) VALUES
(1, 219, 'yes', 22),
(2, 219, 'yes', 21),
(3, 219, 'yes', 20),
(4, 219, 'yes', 19),
(5, 219, 'yes', 15),
(6, 76, 'yes', 25),
(7, 76, 'yes', 24);

-- --------------------------------------------------------

--
-- Table structure for table `notification_read_teacher`
--

CREATE TABLE `notification_read_teacher` (
  `notification_read_teacher_id` int(11) NOT NULL,
  `teacher_id` int(11) NOT NULL,
  `student_read` varchar(100) NOT NULL,
  `notification_id` int(11) NOT NULL
) ENGINE=InnoDB DEFAULT CHARSET=latin1 COLLATE=latin1_swedish_ci;

--
-- Dumping data for table `notification_read_teacher`
--

INSERT INTO `notification_read_teacher` (`notification_read_teacher_id`, `teacher_id`, `student_read`, `notification_id`) VALUES
(1, 12, 'yes', 14),
(2, 12, 'yes', 13),
(3, 12, 'yes', 12),
(4, 12, 'yes', 11),
(5, 12, 'yes', 10),
(6, 12, 'yes', 9),
(7, 12, 'yes', 8),
(8, 12, 'yes', 7),
(9, 9, 'yes', 18);

-- --------------------------------------------------------

--
-- Table structure for table `question_type`
--

CREATE TABLE `question_type` (
  `question_type_id` int(11) NOT NULL,
  `question_type` varchar(150) NOT NULL
) ENGINE=MyISAM DEFAULT CHARSET=latin1 COLLATE=latin1_swedish_ci;

--
-- Dumping data for table `question_type`
--

INSERT INTO `question_type` (`question_type_id`, `question_type`) VALUES
(1, 'Multiple Choice'),
(2, 'True or False');

-- --------------------------------------------------------

--
-- Table structure for table `quiz`
--

CREATE TABLE `quiz` (
  `quiz_id` int(11) NOT NULL,
  `quiz_title` varchar(50) NOT NULL,
  `quiz_description` varchar(100) NOT NULL,
  `date_added` varchar(100) NOT NULL,
  `teacher_id` int(11) NOT NULL
) ENGINE=InnoDB DEFAULT CHARSET=latin1 COLLATE=latin1_swedish_ci;

--
-- Dumping data for table `quiz`
--

INSERT INTO `quiz` (`quiz_id`, `quiz_title`, `quiz_description`, `date_added`, `teacher_id`) VALUES
(3, 'Sample Test', 'Test', '2013-12-03 23:01:56', 12),
(4, 'Chapter 1', 'topics', '2013-12-13 01:51:02', 14),
(5, 'test3', '123', '2014-01-16 04:12:07', 12),
(7, 'quiz 1', 'none', '2023-11-17 20:04:25', 9);

-- --------------------------------------------------------

--
-- Table structure for table `quiz_question`
--

CREATE TABLE `quiz_question` (
  `quiz_question_id` int(11) NOT NULL,
  `quiz_id` int(11) NOT NULL,
  `question_text` varchar(100) NOT NULL,
  `question_type_id` int(11) NOT NULL,
  `points` int(11) NOT NULL,
  `date_added` varchar(100) NOT NULL,
  `answer` varchar(100) NOT NULL
) ENGINE=InnoDB DEFAULT CHARSET=latin1 COLLATE=latin1_swedish_ci;

--
-- Dumping data for table `quiz_question`
--

INSERT INTO `quiz_question` (`quiz_question_id`, `quiz_id`, `question_text`, `question_type_id`, `points`, `date_added`, `answer`) VALUES
(33, 5, '<p>q</p>\r\n', 2, 0, '2014-01-17 04:15:03', 'False'),
(34, 3, '<p>Php Stands for ?</p>\r\n', 1, 0, '2014-01-17 12:25:17', 'C'),
(35, 3, '<p>Echo is a Php code that display the output.</p>\r\n', 2, 0, '2014-01-17 12:26:18', 'True'),
(36, 6, '<p>sample</p>\r\n', 1, 0, '2020-12-21 10:05:09', 'A'),
(37, 6, '<p>asdasd</p>\r\n', 2, 0, '2020-12-21 10:05:25', 'True'),
(38, 6, '<p>sdsd</p>\r\n', 2, 0, '2020-12-21 10:05:35', 'False'),
(39, 7, '<p>Gwapo ako</p>\r\n', 2, 0, '2023-11-17 20:11:07', 'True');

-- --------------------------------------------------------

--
-- Table structure for table `school_year`
--

CREATE TABLE `school_year` (
  `school_year_id` int(11) NOT NULL,
  `school_year` varchar(100) NOT NULL
) ENGINE=InnoDB DEFAULT CHARSET=latin1 COLLATE=latin1_swedish_ci;

--
-- Dumping data for table `school_year`
--

INSERT INTO `school_year` (`school_year_id`, `school_year`) VALUES
(5, '2023-2024');

-- --------------------------------------------------------

--
-- Table structure for table `student`
--

CREATE TABLE `student` (
  `student_id` int(11) NOT NULL,
  `firstname` varchar(100) NOT NULL,
  `lastname` varchar(100) NOT NULL,
  `class_id` int(11) NOT NULL,
  `username` varchar(100) NOT NULL,
  `password` varchar(100) NOT NULL,
  `location` varchar(100) NOT NULL,
  `status` varchar(100) NOT NULL
) ENGINE=MyISAM DEFAULT CHARSET=latin1 COLLATE=latin1_swedish_ci;

--
-- Dumping data for table `student`
--

INSERT INTO `student` (`student_id`, `firstname`, `lastname`, `class_id`, `username`, `password`, `location`, `status`) VALUES
(93, 'Student', 'Blank', 27, '20-00022', 'teph', 'uploads/3094_384893504898082_1563225657_n.jpg', 'Registered'),
(76, 'Dana Alyka', 'Alde', 26, '20-00021', 'dana', 'uploads/default.png', 'Registered'),
(73, 'Jenny Anne Mae', 'Gadjie', 25, '20-00095', 'jenny', 'uploads/default.png', 'Registered');

-- --------------------------------------------------------

--
-- Table structure for table `student_assignment`
--

CREATE TABLE `student_assignment` (
  `student_assignment_id` int(11) NOT NULL,
  `assignment_id` int(11) NOT NULL,
  `floc` varchar(100) NOT NULL,
  `assignment_fdatein` varchar(50) NOT NULL,
  `fdesc` varchar(100) NOT NULL,
  `fname` varchar(50) NOT NULL,
  `student_id` int(11) NOT NULL,
  `grade` varchar(5) NOT NULL
) ENGINE=InnoDB DEFAULT CHARSET=latin1 COLLATE=latin1_swedish_ci;

--
-- Dumping data for table `student_assignment`
--

INSERT INTO `student_assignment` (`student_assignment_id`, `assignment_id`, `floc`, `assignment_fdatein`, `fdesc`, `fname`, `student_id`, `grade`) VALUES
(1, 31, 'admin/uploads/7820_File_sample.pdf', '2020-12-21 10:12:04', 'aaa', 'asdasd', 219, '');

-- --------------------------------------------------------

--
-- Table structure for table `student_backpack`
--

CREATE TABLE `student_backpack` (
  `file_id` int(11) NOT NULL,
  `floc` varchar(100) NOT NULL,
  `fdatein` varchar(100) NOT NULL,
  `fdesc` varchar(100) NOT NULL,
  `student_id` int(11) NOT NULL,
  `fname` varchar(100) NOT NULL
) ENGINE=InnoDB DEFAULT CHARSET=latin1 COLLATE=latin1_swedish_ci;

--
-- Dumping data for table `student_backpack`
--

INSERT INTO `student_backpack` (`file_id`, `floc`, `fdatein`, `fdesc`, `student_id`, `fname`) VALUES
(1, 'admin/uploads/2658_File_kevin.docx', '2014-02-13 11:11:50', 'test', 210, 'test'),
(2, 'admin/uploads/9782_File_sample.pdf', '2020-12-21 10:12:54', 'adasd', 219, '234234'),
(3, 'admin/uploads/6898_File_sample.pdf', '2020-12-21 10:12:54', 'adasd', 219, '234234'),
(4, 'admin/uploads/3579_File_sample.pdf', '2020-12-21 10:12:54', 'adasd', 219, '234234'),
(5, 'admin/uploads/6000_File_NanoTechnology.pptx', '2023-11-20 12:24:48', 'none', 73, 'Module 1'),
(6, 'admin/uploads/6000_File_NanoTechnology.pptx', '2023-11-20 12:40:31', 'none', 76, 'Module 1');

-- --------------------------------------------------------

--
-- Table structure for table `student_class_quiz`
--

CREATE TABLE `student_class_quiz` (
  `student_class_quiz_id` int(11) NOT NULL,
  `class_quiz_id` int(11) NOT NULL,
  `student_id` int(11) NOT NULL,
  `student_quiz_time` varchar(100) NOT NULL,
  `grade` varchar(100) NOT NULL
) ENGINE=InnoDB DEFAULT CHARSET=latin1 COLLATE=latin1_swedish_ci;

--
-- Dumping data for table `student_class_quiz`
--

INSERT INTO `student_class_quiz` (`student_class_quiz_id`, `class_quiz_id`, `student_id`, `student_quiz_time`, `grade`) VALUES
(1, 15, 107, '3600', '0 out of 2'),
(2, 16, 136, '3600', '0 out of 0'),
(3, 17, 219, '3600', '1 out of 3'),
(4, 18, 73, '3600', '1 out of 1'),
(5, 18, 76, '3600', '1 out of 1');

-- --------------------------------------------------------

--
-- Table structure for table `subject`
--

CREATE TABLE `subject` (
  `subject_id` int(11) NOT NULL,
  `subject_code` varchar(100) NOT NULL,
  `subject_title` varchar(100) NOT NULL,
  `category` varchar(100) NOT NULL,
  `description` longtext NOT NULL,
  `unit` int(11) NOT NULL,
  `Pre_req` varchar(100) NOT NULL,
  `semester` varchar(100) NOT NULL
) ENGINE=MyISAM DEFAULT CHARSET=latin1 COLLATE=latin1_swedish_ci;

--
-- Dumping data for table `subject`
--

INSERT INTO `subject` (`subject_id`, `subject_code`, `subject_title`, `category`, `description`, `unit`, `Pre_req`, `semester`) VALUES
(43, 'Capstone 001', 'Capstone', '', 'capstone', 2, '', '1st');

-- --------------------------------------------------------

--
-- Table structure for table `teacher`
--

CREATE TABLE `teacher` (
  `teacher_id` int(11) NOT NULL,
  `username` varchar(100) NOT NULL,
  `password` varchar(200) NOT NULL,
  `firstname` varchar(100) NOT NULL,
  `lastname` varchar(100) NOT NULL,
  `department_id` int(11) NOT NULL,
  `location` varchar(200) NOT NULL,
  `about` varchar(500) NOT NULL,
  `teacher_status` varchar(20) NOT NULL,
  `teacher_stat` varchar(100) NOT NULL
) ENGINE=MyISAM DEFAULT CHARSET=latin1 COLLATE=latin1_swedish_ci;

--
-- Dumping data for table `teacher`
--

INSERT INTO `teacher` (`teacher_id`, `username`, `password`, `firstname`, `lastname`, `department_id`, `location`, `about`, `teacher_status`, `teacher_stat`) VALUES
(9, '1001', 'test', 'R-jhel', 'Tandugon', 4, 'uploads/rjhel.jpg', '', 'Registered', 'Deactivated');

-- --------------------------------------------------------

--
-- Table structure for table `teacher_backpack`
--

CREATE TABLE `teacher_backpack` (
  `file_id` int(11) NOT NULL,
  `floc` varchar(100) NOT NULL,
  `fdatein` varchar(100) NOT NULL,
  `fdesc` varchar(100) NOT NULL,
  `teacher_id` int(11) NOT NULL,
  `fname` varchar(100) NOT NULL
) ENGINE=InnoDB DEFAULT CHARSET=latin1 COLLATE=latin1_swedish_ci;

-- --------------------------------------------------------

--
-- Table structure for table `teacher_class`
--

CREATE TABLE `teacher_class` (
  `teacher_class_id` int(11) NOT NULL,
  `teacher_id` int(11) NOT NULL,
  `class_id` int(11) NOT NULL,
  `subject_id` int(11) NOT NULL,
  `thumbnails` varchar(100) NOT NULL,
  `school_year` varchar(100) NOT NULL
) ENGINE=InnoDB DEFAULT CHARSET=latin1 COLLATE=latin1_swedish_ci;

--
-- Dumping data for table `teacher_class`
--

INSERT INTO `teacher_class` (`teacher_class_id`, `teacher_id`, `class_id`, `subject_id`, `thumbnails`, `school_year`) VALUES
(97, 9, 7, 15, 'admin/uploads/thumbnails.jpg', '2012-2013'),
(135, 0, 22, 29, 'admin/uploads/thumbnails.jpg', '2013-2014'),
(151, 5, 7, 14, 'admin/uploads/thumbnails.jpg', '2013-2014'),
(152, 5, 8, 14, 'admin/uploads/thumbnails.jpg', '2013-2014'),
(153, 5, 13, 36, 'admin/uploads/thumbnails.jpg', '2013-2014'),
(157, 18, 15, 23, 'admin/uploads/thumbnails.jpg', '2013-2014'),
(158, 18, 16, 23, 'admin/uploads/thumbnails.jpg', '2013-2014'),
(159, 18, 12, 23, 'admin/uploads/thumbnails.jpg', '2013-2014'),
(160, 18, 7, 29, 'admin/uploads/thumbnails.jpg', '2013-2014'),
(165, 134, 15, 23, 'admin/uploads/thumbnails.jpg', '2013-2014'),
(167, 12, 13, 35, 'admin/uploads/thumbnails.jpg', '2013-2014'),
(168, 12, 14, 35, 'admin/uploads/thumbnails.jpg', '2013-2014'),
(170, 12, 16, 24, 'admin/uploads/thumbnails.jpg', '2013-2014'),
(172, 18, 13, 39, 'admin/uploads/thumbnails.jpg', '2013-2014'),
(173, 18, 14, 39, 'admin/uploads/thumbnails.jpg', '2013-2014'),
(174, 13, 12, 16, 'admin/uploads/thumbnails.jpg', '2013-2014'),
(175, 13, 13, 16, 'admin/uploads/thumbnails.jpg', '2013-2014'),
(176, 13, 14, 16, 'admin/uploads/thumbnails.jpg', '2013-2014'),
(177, 14, 12, 32, 'admin/uploads/thumbnails.jpg', '2013-2014'),
(178, 14, 13, 32, 'admin/uploads/thumbnails.jpg', '2013-2014'),
(179, 14, 14, 32, 'admin/uploads/thumbnails.jpg', '2013-2014'),
(180, 19, 13, 22, 'admin/uploads/thumbnails.jpg', '2013-2014'),
(181, 12, 20, 24, 'admin/uploads/thumbnails.jpg', '2013-2014'),
(183, 12, 18, 24, 'admin/uploads/thumbnails.jpg', '2013-2014'),
(184, 12, 17, 25, 'admin/uploads/thumbnails.jpg', '2013-2014'),
(185, 12, 7, 22, 'admin/uploads/thumbnails.jpg', '2013-2014'),
(186, 9, 18, 42, 'admin/uploads/thumbnails.jpg', '2013-2014'),
(187, 9, 25, 43, 'admin/uploads/thumbnails.jpg', '2023-2024');

-- --------------------------------------------------------

--
-- Table structure for table `teacher_class_announcements`
--

CREATE TABLE `teacher_class_announcements` (
  `teacher_class_announcements_id` int(11) NOT NULL,
  `content` varchar(500) NOT NULL,
  `teacher_id` varchar(100) NOT NULL,
  `teacher_class_id` int(11) NOT NULL,
  `date` varchar(50) NOT NULL
) ENGINE=InnoDB DEFAULT CHARSET=latin1 COLLATE=latin1_swedish_ci;

--
-- Dumping data for table `teacher_class_announcements`
--

INSERT INTO `teacher_class_announcements` (`teacher_class_announcements_id`, `content`, `teacher_id`, `teacher_class_id`, `date`) VALUES
(2, '<p><strong>Project Deadline</strong></p>\r\n\r\n<p>In December 1st week&nbsp; system must fully functioning.</p>\r\n\r\n<p><br />\r\n&nbsp;</p>\r\n', '9', 87, '2013-10-30 13:21:13'),
(21, '<p>fsaf</p>\r\n', '9', 87, '2013-10-30 14:33:21'),
(31, '<p>Hi im kevin i edit this</p>\r\n', '9', 87, '2013-10-30 15:41:56'),
(33, '<p>hello teph</p>\r\n', '9', 95, '2013-10-30 17:44:28'),
(34, '<p>hello guys</p>\r\n', '9', 95, '2013-11-02 10:51:39'),
(35, '<p>dsdasd</p>\r\n', '12', 147, '2013-11-16 13:59:33'),
(36, '<p>BSIS 1A: Submit assignment on November 20, 2013 before 5pm.</p>\r\n', '12', 154, '2013-11-18 15:29:34'),
(37, '<p>aaaaa<br />\r\n&nbsp;</p>\r\n', '12', 167, '2014-01-17 14:36:32'),
(38, '<p>wala klase<img alt=\"sad\" src=\"http://localhost/lms/admin/vendors/ckeditor/plugins/smiley/images/sad_smile.gif\" style=\"height:20px; width:20px\" title=\"sad\" /></p>\r\n', '12', 167, '2014-02-13 13:45:59'),
(39, '<p>Test</p>\r\n', '9', 186, '2020-12-21 09:59:00');

-- --------------------------------------------------------

--
-- Table structure for table `teacher_class_student`
--

CREATE TABLE `teacher_class_student` (
  `teacher_class_student_id` int(11) NOT NULL,
  `teacher_class_id` int(11) NOT NULL,
  `student_id` int(11) NOT NULL,
  `teacher_id` int(11) NOT NULL
) ENGINE=InnoDB DEFAULT CHARSET=latin1 COLLATE=latin1_swedish_ci;

--
-- Dumping data for table `teacher_class_student`
--

INSERT INTO `teacher_class_student` (`teacher_class_student_id`, `teacher_class_id`, `student_id`, `teacher_id`) VALUES
(69, 167, 76, 12),
(77, 167, 73, 12),
(142, 172, 76, 18),
(150, 172, 73, 18),
(211, 175, 76, 13),
(219, 175, 73, 13),
(280, 178, 76, 14),
(288, 178, 73, 14),
(330, 180, 76, 19),
(338, 180, 73, 19),
(373, 185, 93, 12),
(383, 187, 93, 9),
(384, 187, 76, 9),
(385, 187, 73, 9);

-- --------------------------------------------------------

--
-- Table structure for table `teacher_notification`
--

CREATE TABLE `teacher_notification` (
  `teacher_notification_id` int(11) NOT NULL,
  `teacher_class_id` int(11) NOT NULL,
  `notification` varchar(100) NOT NULL,
  `date_of_notification` varchar(100) NOT NULL,
  `link` varchar(100) NOT NULL,
  `student_id` int(11) NOT NULL,
  `assignment_id` int(11) NOT NULL
) ENGINE=InnoDB DEFAULT CHARSET=latin1 COLLATE=latin1_swedish_ci;

--
-- Dumping data for table `teacher_notification`
--

INSERT INTO `teacher_notification` (`teacher_notification_id`, `teacher_class_id`, `notification`, `date_of_notification`, `link`, `student_id`, `assignment_id`) VALUES
(15, 160, 'Submit Assignment file name <b>my_assginment</b>', '2013-11-25 10:39:52', 'view_submit_assignment.php', 93, 16),
(17, 161, 'Submit Assignment file name <b>q</b>', '2013-11-25 15:54:19', 'view_submit_assignment.php', 71, 17),
(18, 186, 'Submit Assignment file name <b>asdasd</b>', '2020-12-21 10:12:04', 'view_submit_assignment.php', 219, 31);

-- --------------------------------------------------------

--
-- Table structure for table `teacher_shared`
--

CREATE TABLE `teacher_shared` (
  `teacher_shared_id` int(11) NOT NULL,
  `teacher_id` int(11) NOT NULL,
  `shared_teacher_id` int(11) NOT NULL,
  `floc` varchar(100) NOT NULL,
  `fdatein` varchar(100) NOT NULL,
  `fdesc` varchar(100) NOT NULL,
  `fname` varchar(100) NOT NULL
) ENGINE=InnoDB DEFAULT CHARSET=latin1 COLLATE=latin1_swedish_ci;

--
-- Dumping data for table `teacher_shared`
--

INSERT INTO `teacher_shared` (`teacher_shared_id`, `teacher_id`, `shared_teacher_id`, `floc`, `fdatein`, `fdesc`, `fname`) VALUES
(1, 12, 14, 'admin/uploads/7939_File_449E26DB.jpg', '2014-02-20 09:55:32', 'sas', 'sss');

-- --------------------------------------------------------

--
-- Table structure for table `users`
--

CREATE TABLE `users` (
  `user_id` int(11) NOT NULL,
  `username` varchar(100) NOT NULL,
  `password` varchar(100) NOT NULL,
  `firstname` varchar(100) NOT NULL,
  `lastname` varchar(100) NOT NULL
) ENGINE=InnoDB DEFAULT CHARSET=latin1 COLLATE=latin1_swedish_ci;

--
-- Dumping data for table `users`
--

INSERT INTO `users` (`user_id`, `username`, `password`, `firstname`, `lastname`) VALUES
(15, 'admin', 'admin', 'admin', 'admin');

-- --------------------------------------------------------

--
-- Table structure for table `user_log`
--

CREATE TABLE `user_log` (
  `user_log_id` int(11) NOT NULL,
  `username` varchar(25) NOT NULL,
  `login_date` varchar(30) NOT NULL,
  `logout_date` varchar(30) NOT NULL,
  `user_id` int(11) NOT NULL
) ENGINE=InnoDB DEFAULT CHARSET=latin1 COLLATE=latin1_swedish_ci;

--
-- Dumping data for table `user_log`
--

INSERT INTO `user_log` (`user_log_id`, `username`, `login_date`, `logout_date`, `user_id`) VALUES
(98, 'admin', '2023-11-20 12:18:05', '', 15);

--
-- Indexes for dumped tables
--

--
-- Indexes for table `activity_log`
--
ALTER TABLE `activity_log`
  ADD PRIMARY KEY (`activity_log_id`);

--
-- Indexes for table `answer`
--
ALTER TABLE `answer`
  ADD PRIMARY KEY (`answer_id`);

--
-- Indexes for table `assignment`
--
ALTER TABLE `assignment`
  ADD PRIMARY KEY (`assignment_id`);

--
-- Indexes for table `class`
--
ALTER TABLE `class`
  ADD PRIMARY KEY (`class_id`);

--
-- Indexes for table `class_quiz`
--
ALTER TABLE `class_quiz`
  ADD PRIMARY KEY (`class_quiz_id`);

--
-- Indexes for table `class_subject_overview`
--
ALTER TABLE `class_subject_overview`
  ADD PRIMARY KEY (`class_subject_overview_id`);

--
-- Indexes for table `content`
--
ALTER TABLE `content`
  ADD PRIMARY KEY (`content_id`);

--
-- Indexes for table `department`
--
ALTER TABLE `department`
  ADD PRIMARY KEY (`department_id`);

--
-- Indexes for table `event`
--
ALTER TABLE `event`
  ADD PRIMARY KEY (`event_id`);

--
-- Indexes for table `files`
--
ALTER TABLE `files`
  ADD PRIMARY KEY (`file_id`);

--
-- Indexes for table `message`
--
ALTER TABLE `message`
  ADD PRIMARY KEY (`message_id`);

--
-- Indexes for table `message_sent`
--
ALTER TABLE `message_sent`
  ADD PRIMARY KEY (`message_sent_id`);

--
-- Indexes for table `notification`
--
ALTER TABLE `notification`
  ADD PRIMARY KEY (`notification_id`);

--
-- Indexes for table `notification_read`
--
ALTER TABLE `notification_read`
  ADD PRIMARY KEY (`notification_read_id`);

--
-- Indexes for table `notification_read_teacher`
--
ALTER TABLE `notification_read_teacher`
  ADD PRIMARY KEY (`notification_read_teacher_id`);

--
-- Indexes for table `question_type`
--
ALTER TABLE `question_type`
  ADD PRIMARY KEY (`question_type_id`);

--
-- Indexes for table `quiz`
--
ALTER TABLE `quiz`
  ADD PRIMARY KEY (`quiz_id`);

--
-- Indexes for table `quiz_question`
--
ALTER TABLE `quiz_question`
  ADD PRIMARY KEY (`quiz_question_id`);

--
-- Indexes for table `school_year`
--
ALTER TABLE `school_year`
  ADD PRIMARY KEY (`school_year_id`);

--
-- Indexes for table `student`
--
ALTER TABLE `student`
  ADD PRIMARY KEY (`student_id`);

--
-- Indexes for table `student_assignment`
--
ALTER TABLE `student_assignment`
  ADD PRIMARY KEY (`student_assignment_id`);

--
-- Indexes for table `student_backpack`
--
ALTER TABLE `student_backpack`
  ADD PRIMARY KEY (`file_id`);

--
-- Indexes for table `student_class_quiz`
--
ALTER TABLE `student_class_quiz`
  ADD PRIMARY KEY (`student_class_quiz_id`);

--
-- Indexes for table `subject`
--
ALTER TABLE `subject`
  ADD PRIMARY KEY (`subject_id`);

--
-- Indexes for table `teacher`
--
ALTER TABLE `teacher`
  ADD PRIMARY KEY (`teacher_id`);

--
-- Indexes for table `teacher_backpack`
--
ALTER TABLE `teacher_backpack`
  ADD PRIMARY KEY (`file_id`);

--
-- Indexes for table `teacher_class`
--
ALTER TABLE `teacher_class`
  ADD PRIMARY KEY (`teacher_class_id`);

--
-- Indexes for table `teacher_class_announcements`
--
ALTER TABLE `teacher_class_announcements`
  ADD PRIMARY KEY (`teacher_class_announcements_id`);

--
-- Indexes for table `teacher_class_student`
--
ALTER TABLE `teacher_class_student`
  ADD PRIMARY KEY (`teacher_class_student_id`);

--
-- Indexes for table `teacher_notification`
--
ALTER TABLE `teacher_notification`
  ADD PRIMARY KEY (`teacher_notification_id`);

--
-- Indexes for table `teacher_shared`
--
ALTER TABLE `teacher_shared`
  ADD PRIMARY KEY (`teacher_shared_id`);

--
-- Indexes for table `users`
--
ALTER TABLE `users`
  ADD PRIMARY KEY (`user_id`);

--
-- Indexes for table `user_log`
--
ALTER TABLE `user_log`
  ADD PRIMARY KEY (`user_log_id`);

--
-- AUTO_INCREMENT for dumped tables
--

--
-- AUTO_INCREMENT for table `activity_log`
--
ALTER TABLE `activity_log`
  MODIFY `activity_log_id` int(11) NOT NULL AUTO_INCREMENT, AUTO_INCREMENT=17;

--
-- AUTO_INCREMENT for table `answer`
--
ALTER TABLE `answer`
  MODIFY `answer_id` int(11) NOT NULL AUTO_INCREMENT, AUTO_INCREMENT=93;

--
-- AUTO_INCREMENT for table `assignment`
--
ALTER TABLE `assignment`
  MODIFY `assignment_id` int(11) NOT NULL AUTO_INCREMENT, AUTO_INCREMENT=32;

--
-- AUTO_INCREMENT for table `class`
--
ALTER TABLE `class`
  MODIFY `class_id` int(11) NOT NULL AUTO_INCREMENT, AUTO_INCREMENT=28;

--
-- AUTO_INCREMENT for table `class_quiz`
--
ALTER TABLE `class_quiz`
  MODIFY `class_quiz_id` int(11) NOT NULL AUTO_INCREMENT, AUTO_INCREMENT=19;

--
-- AUTO_INCREMENT for table `class_subject_overview`
--
ALTER TABLE `class_subject_overview`
  MODIFY `class_subject_overview_id` int(11) NOT NULL AUTO_INCREMENT, AUTO_INCREMENT=2;

--
-- AUTO_INCREMENT for table `content`
--
ALTER TABLE `content`
  MODIFY `content_id` int(11) NOT NULL AUTO_INCREMENT, AUTO_INCREMENT=15;

--
-- AUTO_INCREMENT for table `department`
--
ALTER TABLE `department`
  MODIFY `department_id` int(11) NOT NULL AUTO_INCREMENT, AUTO_INCREMENT=13;

--
-- AUTO_INCREMENT for table `event`
--
ALTER TABLE `event`
  MODIFY `event_id` int(11) NOT NULL AUTO_INCREMENT, AUTO_INCREMENT=20;

--
-- AUTO_INCREMENT for table `files`
--
ALTER TABLE `files`
  MODIFY `file_id` int(11) NOT NULL AUTO_INCREMENT, AUTO_INCREMENT=143;

--
-- AUTO_INCREMENT for table `message`
--
ALTER TABLE `message`
  MODIFY `message_id` int(11) NOT NULL AUTO_INCREMENT, AUTO_INCREMENT=31;

--
-- AUTO_INCREMENT for table `message_sent`
--
ALTER TABLE `message_sent`
  MODIFY `message_sent_id` int(11) NOT NULL AUTO_INCREMENT, AUTO_INCREMENT=16;

--
-- AUTO_INCREMENT for table `notification`
--
ALTER TABLE `notification`
  MODIFY `notification_id` int(11) NOT NULL AUTO_INCREMENT, AUTO_INCREMENT=26;

--
-- AUTO_INCREMENT for table `notification_read`
--
ALTER TABLE `notification_read`
  MODIFY `notification_read_id` int(11) NOT NULL AUTO_INCREMENT, AUTO_INCREMENT=8;

--
-- AUTO_INCREMENT for table `notification_read_teacher`
--
ALTER TABLE `notification_read_teacher`
  MODIFY `notification_read_teacher_id` int(11) NOT NULL AUTO_INCREMENT, AUTO_INCREMENT=10;

--
-- AUTO_INCREMENT for table `quiz`
--
ALTER TABLE `quiz`
  MODIFY `quiz_id` int(11) NOT NULL AUTO_INCREMENT, AUTO_INCREMENT=8;

--
-- AUTO_INCREMENT for table `quiz_question`
--
ALTER TABLE `quiz_question`
  MODIFY `quiz_question_id` int(11) NOT NULL AUTO_INCREMENT, AUTO_INCREMENT=40;

--
-- AUTO_INCREMENT for table `school_year`
--
ALTER TABLE `school_year`
  MODIFY `school_year_id` int(11) NOT NULL AUTO_INCREMENT, AUTO_INCREMENT=6;

--
-- AUTO_INCREMENT for table `student`
--
ALTER TABLE `student`
  MODIFY `student_id` int(11) NOT NULL AUTO_INCREMENT, AUTO_INCREMENT=220;

--
-- AUTO_INCREMENT for table `student_assignment`
--
ALTER TABLE `student_assignment`
  MODIFY `student_assignment_id` int(11) NOT NULL AUTO_INCREMENT, AUTO_INCREMENT=2;

--
-- AUTO_INCREMENT for table `student_backpack`
--
ALTER TABLE `student_backpack`
  MODIFY `file_id` int(11) NOT NULL AUTO_INCREMENT, AUTO_INCREMENT=7;

--
-- AUTO_INCREMENT for table `student_class_quiz`
--
ALTER TABLE `student_class_quiz`
  MODIFY `student_class_quiz_id` int(11) NOT NULL AUTO_INCREMENT, AUTO_INCREMENT=6;

--
-- AUTO_INCREMENT for table `subject`
--
ALTER TABLE `subject`
  MODIFY `subject_id` int(11) NOT NULL AUTO_INCREMENT, AUTO_INCREMENT=44;

--
-- AUTO_INCREMENT for table `teacher`
--
ALTER TABLE `teacher`
  MODIFY `teacher_id` int(11) NOT NULL AUTO_INCREMENT, AUTO_INCREMENT=20;

--
-- AUTO_INCREMENT for table `teacher_backpack`
--
ALTER TABLE `teacher_backpack`
  MODIFY `file_id` int(11) NOT NULL AUTO_INCREMENT;

--
-- AUTO_INCREMENT for table `teacher_class`
--
ALTER TABLE `teacher_class`
  MODIFY `teacher_class_id` int(11) NOT NULL AUTO_INCREMENT, AUTO_INCREMENT=188;

--
-- AUTO_INCREMENT for table `teacher_class_announcements`
--
ALTER TABLE `teacher_class_announcements`
  MODIFY `teacher_class_announcements_id` int(11) NOT NULL AUTO_INCREMENT, AUTO_INCREMENT=40;

--
-- AUTO_INCREMENT for table `teacher_class_student`
--
ALTER TABLE `teacher_class_student`
  MODIFY `teacher_class_student_id` int(11) NOT NULL AUTO_INCREMENT, AUTO_INCREMENT=386;

--
-- AUTO_INCREMENT for table `teacher_notification`
--
ALTER TABLE `teacher_notification`
  MODIFY `teacher_notification_id` int(11) NOT NULL AUTO_INCREMENT, AUTO_INCREMENT=19;

--
-- AUTO_INCREMENT for table `teacher_shared`
--
ALTER TABLE `teacher_shared`
  MODIFY `teacher_shared_id` int(11) NOT NULL AUTO_INCREMENT, AUTO_INCREMENT=2;

--
-- AUTO_INCREMENT for table `users`
--
ALTER TABLE `users`
  MODIFY `user_id` int(11) NOT NULL AUTO_INCREMENT, AUTO_INCREMENT=16;

--
-- AUTO_INCREMENT for table `user_log`
--
ALTER TABLE `user_log`
  MODIFY `user_log_id` int(11) NOT NULL AUTO_INCREMENT, AUTO_INCREMENT=99;
COMMIT;

/*!40101 SET CHARACTER_SET_CLIENT=@OLD_CHARACTER_SET_CLIENT */;
/*!40101 SET CHARACTER_SET_RESULTS=@OLD_CHARACTER_SET_RESULTS */;
/*!40101 SET COLLATION_CONNECTION=@OLD_COLLATION_CONNECTION */;
